"tab_Transferts";"Club.x";"Club.y";"Club.Logo1"
"FC Barcelona";"FC Barcelona";"FC Barcelona";"https://cdn.sofifa.org/teams/2/light/241.png"
"Monaco";"AS Monaco";"AS Monaco";"https://cdn.sofifa.org/teams/2/light/69.png"
"Liverpool";"Liverpool";"Liverpool";"https://cdn.sofifa.org/teams/2/light/9.png"
"Real Madrid";"Real Madrid";"Real Madrid";"https://cdn.sofifa.org/teams/2/light/243.png"
"Bor. Dortmund";"Borussia Dortmund";"Borussia Dortmund";"https://cdn.sofifa.org/teams/2/light/22.png"
"Juventus";"Juventus";"Juventus";"https://cdn.sofifa.org/teams/2/light/45.png"
"Spurs";"Tottenham Hotspur";"Tottenham Hotspur";"https://cdn.sofifa.org/teams/2/light/18.png"
"Man Utd";"Manchester United";"Manchester United";"https://cdn.sofifa.org/teams/2/light/11.png"
"SSC Napoli";"Napoli";"Napoli";"https://cdn.sofifa.org/teams/2/light/48.png"
"Santos FC";"Santos";"Santos";"https://cdn.sofifa.org/teams/2/light/1053.png"
"Everton";"Everton";"Everton";"https://cdn.sofifa.org/teams/2/light/7.png"
"Southampton";"Southampton";"Southampton";"https://cdn.sofifa.org/teams/2/light/17.png"
"VfL Wolfsburg";"VfL Wolfsburg";"VfL Wolfsburg";"https://cdn.sofifa.org/teams/2/light/175.png"
"Inter";"Inter";"Inter";"https://cdn.sofifa.org/teams/2/light/44.png"
"Leicester";"Leicester City";"Leicester City";"https://cdn.sofifa.org/teams/2/light/95.png"
"Chelsea";"Chelsea";"Chelsea";"https://cdn.sofifa.org/teams/2/light/5.png"
"AC Milan";"Milan";"Milan";"https://cdn.sofifa.org/teams/2/light/47.png"
"Athletic Bilbao";"Athletic Club de Bilbao";"Athletic Club de Bilbao";"https://cdn.sofifa.org/teams/2/light/448.png"
"AS Roma";"Roma";"Roma";"https://cdn.sofifa.org/teams/2/light/52.png"
"RB Leipzig";"RB Leipzig";"RB Leipzig";"https://cdn.sofifa.org/teams/2/light/112172.png"
"Shakhtar D.";"Shakhtar Donetsk";"Shakhtar Donetsk";"https://cdn.sofifa.org/teams/2/light/101059.png"
"Zenit S-Pb";"Zenit S-Pb";NA;NA
"Olympique Lyon";"Olympique Lyonnais";"Olympique Lyonnais";"https://cdn.sofifa.org/teams/2/light/66.png"
"FC Schalke 04";"FC Schalke 04";"FC Schalke 04";"https://cdn.sofifa.org/teams/2/light/34.png"
"Swansea";"Swansea City";"Swansea City";"https://cdn.sofifa.org/teams/2/light/1960.png"
"Aston Villa";"Aston Villa";"Aston Villa";"https://cdn.sofifa.org/teams/2/light/2.png"
"FC Porto";"FC Porto";"FC Porto";"https://cdn.sofifa.org/teams/2/light/236.png"
"Bor. M'gladbach";"Borussia Mönchengladbach";"Borussia Mönchengladbach";"https://cdn.sofifa.org/teams/2/light/23.png"
"Flamengo";"Fulham";"Fulham";"https://cdn.sofifa.org/teams/2/light/144.png"
"Valencia CF";"Valencia CF";"Valencia CF";"https://cdn.sofifa.org/teams/2/light/461.png"
"Atlético Madrid";"Atlético Madrid";"Atlético Madrid";"https://cdn.sofifa.org/teams/2/light/240.png"
"US Palermo";"Palermo";"Palermo";"https://cdn.sofifa.org/teams/2/light/1843.png"
"Newcastle";"Newcastle United";"Newcastle United";"https://cdn.sofifa.org/teams/2/light/13.png"
"TSG Hoffenheim";"TSG 1899 Hoffenheim";"TSG 1899 Hoffenheim";"https://cdn.sofifa.org/teams/2/light/10029.png"
"G. Bordeaux";"FC Girondins de Bordeaux";"FC Girondins de Bordeaux";"https://cdn.sofifa.org/teams/2/light/59.png"
"São Paulo";"São Paulo";NA;NA
"Benfica";"SL Benfica";"SL Benfica";"https://cdn.sofifa.org/teams/2/light/234.png"
"Sporting CP";"Sporting CP";"Sporting CP";"https://cdn.sofifa.org/teams/2/light/237.png"
"Fiorentina";"Fiorentina";"Fiorentina";"https://cdn.sofifa.org/teams/2/light/110374.png"
"Villarreal CF";"Villarreal CF";"Villarreal CF";"https://cdn.sofifa.org/teams/2/light/483.png"
"GZ Evergrande";"Guangzhou Evergrande Taobao FC";"Guangzhou Evergrande Taobao FC";"https://cdn.sofifa.org/teams/2/light/111839.png"
"AFC Ajax";"Ajax";"Ajax";"https://cdn.sofifa.org/teams/2/light/245.png"
"Bayern Munich";"FC Bayern München";"FC Bayern München";"https://cdn.sofifa.org/teams/2/light/21.png"
"Watford";"Watford";"Watford";"https://cdn.sofifa.org/teams/2/light/1795.png"
"Marseille";"Olympique de Marseille";"Olympique de Marseille";"https://cdn.sofifa.org/teams/2/light/219.png"
"Arsenal";"Arsenal";"Arsenal";"https://cdn.sofifa.org/teams/2/light/1.png"
"Lazio";"Lazio";"Lazio";"https://cdn.sofifa.org/teams/2/light/46.png"
"Sevilla FC";"Sevilla FC";"Sevilla FC";"https://cdn.sofifa.org/teams/2/light/481.png"
"Anzhi";"Anzhi";NA;NA
"LOSC Lille";"LOSC Lille";"LOSC Lille";"https://cdn.sofifa.org/teams/2/light/65.png"
"Paris SG";"Paris Saint-Germain";"Paris Saint-Germain";"https://cdn.sofifa.org/teams/2/light/73.png"
"PSV Eindhoven";"PSV";"PSV";"https://cdn.sofifa.org/teams/2/light/247.png"
"Internacional";"Internacional";"Internacional";"https://cdn.sofifa.org/teams/2/light/1048.png"
"Real Sociedad";"Real Sociedad";"Real Sociedad";"https://cdn.sofifa.org/teams/2/light/457.png"
"Palmeiras";"Palmeiras";NA;NA
"Man City";"Manchester City";"Manchester City";"https://cdn.sofifa.org/teams/2/light/10.png"
"Grêmio";"Grêmio";"Grêmio";"https://cdn.sofifa.org/teams/2/light/1629.png"
"Dinamo Moscow";"Dinamo Moscow";NA;NA
"VfB Stuttgart";"VfB Stuttgart";"VfB Stuttgart";"https://cdn.sofifa.org/teams/2/light/36.png"
"Málaga CF";"Málaga CF";"Málaga CF";"https://cdn.sofifa.org/teams/2/light/573.png"
"Bay. Leverkusen";"Bayer 04 Leverkusen";"Bayer 04 Leverkusen";"https://cdn.sofifa.org/teams/2/light/32.png"
"OGC Nice";"OGC Nice";"OGC Nice";"https://cdn.sofifa.org/teams/2/light/72.png"
"Sampdoria";"Sampdoria";"Sampdoria";"https://cdn.sofifa.org/teams/2/light/1837.png"
"CSKA Moscow";"PFC CSKA Moscow";"PFC CSKA Moscow";"https://cdn.sofifa.org/teams/2/light/315.png"
"Real Betis";"Real Betis";"Real Betis";"https://cdn.sofifa.org/teams/2/light/449.png"
"West Ham";"West Ham United";"West Ham United";"https://cdn.sofifa.org/teams/2/light/19.png"
"1. FC Köln";"1. FC Köln";"1. FC Köln";"https://cdn.sofifa.org/teams/2/light/31.png"
"Crystal Palace";"Crystal Palace";"Crystal Palace";"https://cdn.sofifa.org/teams/2/light/1799.png"
"Burnley";"Burnley";"Burnley";"https://cdn.sofifa.org/teams/2/light/1796.png"
"Sunderland";"Sunderland";"Sunderland";"https://cdn.sofifa.org/teams/2/light/106.png"
"1.FSV Mainz 05";"1. FSV Mainz 05";"1. FSV Mainz 05";"https://cdn.sofifa.org/teams/2/light/169.png"
"Werder Bremen";"SV Werder Bremen";"SV Werder Bremen";"https://cdn.sofifa.org/teams/2/light/38.png"
"Udinese Calcio";"Udinese";"Udinese";"https://cdn.sofifa.org/teams/2/light/55.png"
"Parma";"Parma";"Parma";"https://cdn.sofifa.org/teams/2/light/50.png"
"Genoa";"Genoa";"Genoa";"https://cdn.sofifa.org/teams/2/light/110556.png"
"Atlético-MG";"Atlético Mineiro";"Atlético Mineiro";"https://cdn.sofifa.org/teams/2/light/1035.png"
"RSC Anderlecht";"RSC Anderlecht";"RSC Anderlecht";"https://cdn.sofifa.org/teams/2/light/229.png"
"Dynamo Kyiv";"Dynamo Kyiv";"Dynamo Kyiv";"https://cdn.sofifa.org/teams/2/light/101047.png"
"Torino";"Torino";"Torino";"https://cdn.sofifa.org/teams/2/light/54.png"
"Bologna";"Bologna";"Bologna";"https://cdn.sofifa.org/teams/2/light/189.png"
"Toulouse";"Toulouse Football Club";"Toulouse Football Club";"https://cdn.sofifa.org/teams/2/light/1809.png"
"Norwich";"Norwich City";"Norwich City";"https://cdn.sofifa.org/teams/2/light/1792.png"
"Charlton";"Charlton Athletic";"Charlton Athletic";"https://cdn.sofifa.org/teams/2/light/89.png"
"Hellas Verona";"Hellas Verona";"Hellas Verona";"https://cdn.sofifa.org/teams/2/light/206.png"
"RB Salzburg";"FC Red Bull Salzburg";"FC Red Bull Salzburg";"https://cdn.sofifa.org/teams/2/light/191.png"
"River Plate";"River Plate";"River Plate";"https://cdn.sofifa.org/teams/2/light/1876.png"
"Atalanta";"Atalanta";"Atalanta";"https://cdn.sofifa.org/teams/2/light/39.png"
"Dinamo Zagreb";"Dinamo Zagreb";"Dinamo Zagreb";"https://cdn.sofifa.org/teams/2/light/211.png"
"FC Basel";"FC Basel 1893";"FC Basel 1893";"https://cdn.sofifa.org/teams/2/light/896.png"
"Besiktas";"Besiktas JK";"Beşiktaş JK";"https://cdn.sofifa.org/teams/2/light/327.png"
"Stoke City";"Stoke City";"Stoke City";"https://cdn.sofifa.org/teams/2/light/1806.png"
"AZ Alkmaar";"AZ Alkmaar";"AZ Alkmaar";"https://cdn.sofifa.org/teams/2/light/1906.png"
"Blackburn";"Blackburn Rovers";"Blackburn Rovers";"https://cdn.sofifa.org/teams/2/light/3.png"
"Standard Liège";"Standard de Liège";"Standard de Liège";"https://cdn.sofifa.org/teams/2/light/232.png"
"Independiente";"Independiente";"Independiente";"https://cdn.sofifa.org/teams/2/light/110093.png"
"Boca Juniors";"Boca Juniors";"Boca Juniors";"https://cdn.sofifa.org/teams/2/light/1877.png"
"Portsmouth";"Portsmouth";"Portsmouth";"https://cdn.sofifa.org/teams/2/light/1790.png"
"BJ Sinobo Guoan";"Beijing Sinobo Guoan FC";"Beijing Sinobo Guoan FC";"https://cdn.sofifa.org/teams/2/light/111768.png"
"Al Sadd";"Al Sadd";"Al Raed";"https://cdn.sofifa.org/teams/2/light/112392.png"
"Dep. La Coruña";"Deportivo de La Coruña";"Deportivo de La Coruña";"https://cdn.sofifa.org/teams/2/light/242.png"
"Real Zaragoza";"Real Zaragoza";"Real Zaragoza";"https://cdn.sofifa.org/teams/2/light/244.png"
"FC Augsburg";"FC Augsburg";"FC Augsburg";"https://cdn.sofifa.org/teams/2/light/100409.png"
"FC Lorient";"FC Lorient";"FC Lorient";"https://cdn.sofifa.org/teams/2/light/217.png"
"SC Freiburg";"SC Freiburg";"SC Freiburg";"https://cdn.sofifa.org/teams/2/light/25.png"
"Espanyol";"RCD Espanyol";"RCD Espanyol";"https://cdn.sofifa.org/teams/2/light/452.png"
"Corinthians";"Corinthians";NA;NA
"Lecce";"Lecce";"Lecce";"https://cdn.sofifa.org/teams/2/light/347.png"
"Fulham";"Fulham";"Fulham";"https://cdn.sofifa.org/teams/2/light/144.png"
"Wigan";"Wigan Athletic";"Wigan Athletic";"https://cdn.sofifa.org/teams/2/light/1917.png"
"Vasco da Gama";"Vasco da Gama";NA;NA
"Feyenoord";"Feyenoord";"Feyenoord";"https://cdn.sofifa.org/teams/2/light/246.png"
"Bolton";"Bolton Wanderers";"Bolton Wanderers";"https://cdn.sofifa.org/teams/2/light/4.png"
"Hamburger SV";"Hamburger SV";"Hamburger SV";"https://cdn.sofifa.org/teams/2/light/28.png"
"Kuban Krasnodar";"Kuban Krasnodar";NA;NA
"Rubin Kazan";"Rubin Kazan";NA;NA
"Sassuolo";"Sassuolo";"Sassuolo";"https://cdn.sofifa.org/teams/2/light/111974.png"
"KRC Genk";"KRC Genk";"KRC Genk";"https://cdn.sofifa.org/teams/2/light/673.png"
"Celta de Vigo";"RC Celta";"RC Celta";"https://cdn.sofifa.org/teams/2/light/450.png"
"SCO Angers";"Angers SCO";"Angers SCO";"https://cdn.sofifa.org/teams/2/light/1530.png"
"Loko Moscow";"Lokomotiv Moscow";"Lokomotiv Moscow";"https://cdn.sofifa.org/teams/2/light/100765.png"
"ZJ Greentown";"ZJ Greentown";NA;NA
"Olympiacos";"Olympiacos CFP";"Olympiacos CFP";"https://cdn.sofifa.org/teams/2/light/280.png"
"Spartak Moscow";"Spartak Moscow";"Spartak Moscow";"https://cdn.sofifa.org/teams/2/light/100767.png"
"Nottm Forest";"Nottingham Forest";"Nottingham Forest";"https://cdn.sofifa.org/teams/2/light/14.png"
"Heerenveen";"SC Heerenveen";"SC Heerenveen";"https://cdn.sofifa.org/teams/2/light/1913.png"
"Hertha BSC";"Hertha BSC";"Hertha BSC";"https://cdn.sofifa.org/teams/2/light/166.png"
"FC Metz";"FC Metz";"FC Metz";"https://cdn.sofifa.org/teams/2/light/68.png"
"Fluminense";"Fluminense";"Fluminense";"https://cdn.sofifa.org/teams/2/light/567.png"
"Middlesbrough";"Middlesbrough";"Middlesbrough";"https://cdn.sofifa.org/teams/2/light/12.png"
"Leeds";"Leeds United";"Leeds United";"https://cdn.sofifa.org/teams/2/light/8.png"
"Hull City";"Hull City";"Hull City";"https://cdn.sofifa.org/teams/2/light/1952.png"
"Stade Rennais";"Stade Rennais FC";"Stade Rennais FC";"https://cdn.sofifa.org/teams/2/light/74.png"
"Vitesse";"Vitesse";"Vitesse";"https://cdn.sofifa.org/teams/2/light/1909.png"
"Fenerbahce";"Fenerbahçe SK";"Fenerbahçe SK";"https://cdn.sofifa.org/teams/2/light/326.png"
"Braga";"SC Braga";"SC Braga";"https://cdn.sofifa.org/teams/2/light/1896.png"
"Galatasaray";"Galatasaray SK";"Galatasaray SK";"https://cdn.sofifa.org/teams/2/light/325.png"
"Racing Club";"Racing Club";"Racing Club";"https://cdn.sofifa.org/teams/2/light/101085.png"
"Montpellier";"Montpellier HSC";"Montpellier HSC";"https://cdn.sofifa.org/teams/2/light/70.png"
"Celtic";"Celtic";"Celtic";"https://cdn.sofifa.org/teams/2/light/78.png"
"Cruzeiro";"Cruzeiro";"Cruzeiro";"https://cdn.sofifa.org/teams/2/light/568.png"
"Bari";"Bari";"Bahia";"https://cdn.sofifa.org/teams/2/light/1598.png"
"Cagliari Calcio";"Cagliari";"Cagliari";"https://cdn.sofifa.org/teams/2/light/1842.png"
"Metalist";"Metalist";NA;NA
"Wolves";"Wolverhampton Wanderers";"Wolverhampton Wanderers";"https://cdn.sofifa.org/teams/2/light/110.png"
"Vélez Sarsfield";"Vélez Sarsfield";"Vélez Sarsfield";"https://cdn.sofifa.org/teams/2/light/101088.png"
"CF Pachuca";"Pachuca";"Pachuca";"https://cdn.sofifa.org/teams/2/light/110147.png"
"Granada CF";"Granada CF";"Granada CF";"https://cdn.sofifa.org/teams/2/light/110832.png"
"Club Brugge";"Club Brugge KV";"Club Brugge KV";"https://cdn.sofifa.org/teams/2/light/231.png"
"FC Sion";"FC Sion";"FC Sion";"https://cdn.sofifa.org/teams/2/light/110770.png"
"JS Suning";"Jiangsu Suning FC";"Jiangsu Suning FC";"https://cdn.sofifa.org/teams/2/light/112162.png"
"Saint-Étienne";"AS Saint-Étienne";"AS Saint-Étienne";"https://cdn.sofifa.org/teams/2/light/1819.png"
"Chivas";"Guadalajara";"Guadalajara";"https://cdn.sofifa.org/teams/2/light/1880.png"
"Racing";"Racing";"Reading";"https://cdn.sofifa.org/teams/2/light/1793.png"
"RCD Mallorca";"RCD Mallorca";"RCD Mallorca";"https://cdn.sofifa.org/teams/2/light/453.png"
"Desp. Brasil";"Desp. Brasil";NA;NA
"FC Twente";"FC Twente";NA;NA
"R. Strasbourg";"RC Strasbourg Alsace";"RC Strasbourg Alsace";"https://cdn.sofifa.org/teams/2/light/76.png"
"West Brom";"West Bromwich Albion";"West Bromwich Albion";"https://cdn.sofifa.org/teams/2/light/109.png"
"U. de Chile";"Universidad de Chile";"Universidad de Chile";"https://cdn.sofifa.org/teams/2/light/15029.png"
"Basaksehir";"Basaksehir";NA;NA
"QPR";"Queens Park Rangers";"Queens Park Rangers";"https://cdn.sofifa.org/teams/2/light/15.png"
"CA Osasuna";"CA Osasuna";"CA Osasuna";"https://cdn.sofifa.org/teams/2/light/479.png"
"Reggina";"Reggina";NA;NA
"Rangers";"Rangers FC";"Rangers FC";"https://cdn.sofifa.org/teams/2/light/86.png"
"Bristol City";"Bristol City";"Bristol City";"https://cdn.sofifa.org/teams/2/light/1919.png"
"Birmingham";"Birmingham City";"Birmingham City";"https://cdn.sofifa.org/teams/2/light/88.png"
"UD Las Palmas";"UD Las Palmas";"UD Las Palmas";"https://cdn.sofifa.org/teams/2/light/472.png"
"SD Luneng";"Shandong Luneng TaiShan FC";"Shandong Luneng TaiShan FC";"https://cdn.sofifa.org/teams/2/light/111724.png"
"Brentford";"Brentford";"Brentford";"https://cdn.sofifa.org/teams/2/light/1925.png"
"AJ Auxerre";"AJ Auxerre";"AJ Auxerre";"https://cdn.sofifa.org/teams/2/light/57.png"
"Catania";"Catania";NA;NA
"Partizan";"Partizan";NA;NA
"Pescara";"Pescara";"Pescara";"https://cdn.sofifa.org/teams/2/light/200.png"
"Al-Jazira";"Al-Jazira";NA;NA
"Bournemouth";"Bournemouth";"Bournemouth";"https://cdn.sofifa.org/teams/2/light/1943.png"
"BSC Young Boys";"BSC Young Boys";"BSC Young Boys";"https://cdn.sofifa.org/teams/2/light/900.png"
"CD Leganés";"CD Leganés";"CD Leganés";"https://cdn.sofifa.org/teams/2/light/100888.png"
"Instituto";"Instituto";NA;NA
"Derby";"Derby County";"Derby County";"https://cdn.sofifa.org/teams/2/light/91.png"
"América";"Club América";"Club América";"https://cdn.sofifa.org/teams/2/light/1879.png"
"Newell's";"Newell's Old Boys";"Newell's Old Boys";"https://cdn.sofifa.org/teams/2/light/110396.png"
"YB Funde";"YB Funde";NA;NA
"Ipswich";"Ipswich Town";"Ipswich Town";"https://cdn.sofifa.org/teams/2/light/94.png"
"Sheffield Utd.";"Sheffield United";"Sheffield United";"https://cdn.sofifa.org/teams/2/light/1794.png"
"Huddersfield";"Huddersfield Town";"Huddersfield Town";"https://cdn.sofifa.org/teams/2/light/1939.png"
"Hilal";"Al Hilal";"Al Hilal";"https://cdn.sofifa.org/teams/2/light/605.png"
"GZ R&F";"Guangzhou R&F; FC";"Guangzhou R&F; FC";"https://cdn.sofifa.org/teams/2/light/112429.png"
"Heart of Midl.";"Heart of Midlothian";"Heart of Midlothian";"https://cdn.sofifa.org/teams/2/light/80.png"
"Hajduk Split";"Hajduk Split";NA;NA
"Cardiff";"Cardiff City";"Cardiff City";"https://cdn.sofifa.org/teams/2/light/1961.png"
"Al-Ahli (UAE)";"Al Ahli";"Al Ahli";"https://cdn.sofifa.org/teams/2/light/112387.png"
"Santos Laguna";"Santos Laguna";"Santos Laguna";"https://cdn.sofifa.org/teams/2/light/110144.png"
"Preston NE";"Preston North End";"Preston North End";"https://cdn.sofifa.org/teams/2/light/1801.png"
"Brighton";"Brighton & Hove Albion";"Brighton & Hove Albion";"https://cdn.sofifa.org/teams/2/light/1808.png"
"FC Empoli";"Empoli";"Napoli";"https://cdn.sofifa.org/teams/2/light/48.png"
"Recr. Huelva";"Recr. Huelva";NA;NA
"FC Groningen";"FC Groningen";"FC Groningen";"https://cdn.sofifa.org/teams/2/light/1915.png"
"Siena";"Siena";NA;NA
"Getafe CF";"Getafe CF";"Getafe CF";"https://cdn.sofifa.org/teams/2/light/1860.png"
"Lens";"Racing Club de Lens";"Racing Club de Lens";"https://cdn.sofifa.org/teams/2/light/64.png"
"FC Sochaux";"FC Sochaux-Montbéliard";"FC Sochaux-Montbéliard";"https://cdn.sofifa.org/teams/2/light/226.png"
"Levante UD";"Levante UD";"Levante UD";"https://cdn.sofifa.org/teams/2/light/1853.png"
"FC Nantes";"FC Nantes";"FC Nantes";"https://cdn.sofifa.org/teams/2/light/71.png"
"FC Barcelona B";"FC Barcelona";"FC Barcelona";"https://cdn.sofifa.org/teams/2/light/241.png"
"Al Arabi";"Al Arabi";NA;NA
"CA Rosario";"FC Porto";"FC Porto";"https://cdn.sofifa.org/teams/2/light/236.png"
"KV Oostende";"KV Oostende";"KV Oostende";"https://cdn.sofifa.org/teams/2/light/682.png"
"SD Eibar";"SD Eibar";"SD Eibar";"https://cdn.sofifa.org/teams/2/light/467.png"
"Chievo Verona";"Chievo Verona";"Chievo Verona";"https://cdn.sofifa.org/teams/2/light/192.png"
"Dijon";"Dijon FCO";"Dijon FCO";"https://cdn.sofifa.org/teams/2/light/110569.png"
"Rio Ave FC";"Rio Ave FC";"Rio Ave FC";"https://cdn.sofifa.org/teams/2/light/744.png"
"Vancouver";"Vancouver Whitecaps FC";"Vancouver Whitecaps FC";"https://cdn.sofifa.org/teams/2/light/101112.png"
"HN Jianye";"Henan Jianye FC";"Henan Jianye FC";"https://cdn.sofifa.org/teams/2/light/111779.png"
"Atl. Nacional";"Atlético Nacional";"Atlético Nacional";"https://cdn.sofifa.org/teams/2/light/101100.png"
"Al-Ettifaq";"Ettifaq FC";"Ettifaq FC";"https://cdn.sofifa.org/teams/2/light/112096.png"
"Baniyas SC";"Baniyas SC";NA;NA
"Liaoning FC";"Liaoning FC";NA;NA
"Nordsjaelland";"FC Nordsjælland";"FC Nordsjælland";"https://cdn.sofifa.org/teams/2/light/1788.png"
"BJ Renhe";"BJ Renhe";NA;NA
"Maldonado";"Maldonado";NA;NA
"FCS Bucharest";"FCS Bucharest";NA;NA
"Botafogo";"Botafogo";"Botafogo";"https://cdn.sofifa.org/teams/2/light/517.png"
"E. Frankfurt";"Eintracht Frankfurt";"Eintracht Frankfurt";"https://cdn.sofifa.org/teams/2/light/1824.png"
"Roda JC";"Roda JC";NA;NA
"Estudiantes";"Estudiantes de La Plata";"Estudiantes de La Plata";"https://cdn.sofifa.org/teams/2/light/101083.png"
"AS Nancy";"AS Nancy Lorraine";"AS Nancy Lorraine";"https://cdn.sofifa.org/teams/2/light/1823.png"
"Portuguesa";"Portuguesa";NA;NA
"Kayserispor";"Kayserispor";"Kayserispor";"https://cdn.sofifa.org/teams/2/light/101020.png"
"Karabükspor";"Karabükspor";NA;NA
"HNK Rijeka";"HNK Rijeka";NA;NA
"Al-Ain FC";"Al-Ain FC";NA;NA
"SM Caen";"Stade Malherbe Caen";"Stade Malherbe Caen";"https://cdn.sofifa.org/teams/2/light/210.png"
"KAA Gent";"KAA Gent";"KAA Gent";"https://cdn.sofifa.org/teams/2/light/674.png"
"Reims";"Stade de Reims";"Stade de Reims";"https://cdn.sofifa.org/teams/2/light/379.png"
"Chiapas FC";"Chiapas FC";NA;NA
"Vit. Guimarães";"Vitória Guimarães";"Vitória Guimarães";"https://cdn.sofifa.org/teams/2/light/1887.png"
"Bröndby IF";"Brøndby IF";"Brøndby IF";"https://cdn.sofifa.org/teams/2/light/269.png"
"Colo Colo";"Colo-Colo";"Colo-Colo";"https://cdn.sofifa.org/teams/2/light/110980.png"
"Trabzonspor";"Trabzonspor";"Trabzonspor";"https://cdn.sofifa.org/teams/2/light/436.png"
"Lanús";"Club Atlético Lanús";"Club Atlético Lanús";"https://cdn.sofifa.org/teams/2/light/110395.png"
"FC Copenhagen";"FC København";"FC København";"https://cdn.sofifa.org/teams/2/light/819.png"
"Tigres UANL";"Tigres U.A.N.L.";"Tigres U.A.N.L.";"https://cdn.sofifa.org/teams/2/light/1970.png"
"AIK Solna";"AIK";"PAOK";"https://cdn.sofifa.org/teams/2/light/393.png"
"Le Mans";"Le Mans";NA;NA
"Brescia";"Brescia";"Brescia";"https://cdn.sofifa.org/teams/2/light/190.png"
"FC Zürich";"FC Zürich";"FC Zürich";"https://cdn.sofifa.org/teams/2/light/894.png"
"FC Utrecht";"FC Utrecht";"FC Utrecht";"https://cdn.sofifa.org/teams/2/light/1903.png"
"Sparta Praha";"Sparta Praha";"Sparta Praha";"https://cdn.sofifa.org/teams/2/light/267.png"
"Argentinos";"Argentinos Juniors";"Argentinos Juniors";"https://cdn.sofifa.org/teams/2/light/111019.png"
"Zorya Lugansk";"Zorya Lugansk";NA;NA
"Blackpool";"Blackpool";"Blackpool";"https://cdn.sofifa.org/teams/2/light/1926.png"
"KV Mechelen";"KV Mechelen";NA;NA
"UD Almería";"UD Almería";"UD Almería";"https://cdn.sofifa.org/teams/2/light/1861.png"
"Gaziantepspor";"Gaziantepspor";NA;NA
"Stade Brest 29";"Stade Brestois 29";"Stade Brestois 29";"https://cdn.sofifa.org/teams/2/light/378.png"
"Nacional";"CD Nacional";"CD Nacional";"https://cdn.sofifa.org/teams/2/light/1891.png"
"Al Rayyan";"Al Rayyan";NA;NA
"Monterrey";"Monterrey";"Monterrey";"https://cdn.sofifa.org/teams/2/light/1032.png"
"AS Livorno";"Livorno";"Livorno";"https://cdn.sofifa.org/teams/2/light/1844.png"
"Hannover 96";"Hannover 96";"Hannover 96";"https://cdn.sofifa.org/teams/2/light/485.png"
"Atlético-PR";"Atlético Paranaense";"Atlético Paranaense";"https://cdn.sofifa.org/teams/2/light/1039.png"
"Zulte Waregem";"SV Zulte-Waregem";"SV Zulte-Waregem";"https://cdn.sofifa.org/teams/2/light/15005.png"
"KAS Eupen";"KAS Eupen";"KAS Eupen";"https://cdn.sofifa.org/teams/2/light/2013.png"
"Rostov";"Rostov";NA;NA
"AC Le Havre";"Le Havre AC";"Le Havre AC";"https://cdn.sofifa.org/teams/2/light/1738.png"
"SC Amiens";"Amiens SC";"Amiens SC";"https://cdn.sofifa.org/teams/2/light/1816.png"
"Huracán";"Club Atlético Huracán";"Club Atlético Huracán";"https://cdn.sofifa.org/teams/2/light/111711.png"
"Rayo Vallecano";"Rayo Vallecano";"Rayo Vallecano";"https://cdn.sofifa.org/teams/2/light/480.png"
"FC Midtjylland";"FC Midtjylland";"FC Midtjylland";"https://cdn.sofifa.org/teams/2/light/1516.png"
"Reading";"Reading";"Reading";"https://cdn.sofifa.org/teams/2/light/1793.png"
"Club Tijuana";"Club Tijuana";"Club Tijuana";"https://cdn.sofifa.org/teams/2/light/111678.png"
"Juventude";"Juventude";"Juventus";"https://cdn.sofifa.org/teams/2/light/45.png"
"Gamba Osaka";"Gamba Osaka";"Gamba Osaka";"https://cdn.sofifa.org/teams/2/light/112093.png"
"FC São Paulo B";"FC São Paulo B";NA;NA
"Krasnodar";"Krasnodar";NA;NA
"Crewe Alexandra";"Crewe Alexandra";"Crewe Alexandra";"https://cdn.sofifa.org/teams/2/light/121.png"
"Guingamp";"En Avant de Guingamp";"En Avant de Guingamp";"https://cdn.sofifa.org/teams/2/light/62.png"
"San Lorenzo";"San Lorenzo de Almagro";"San Lorenzo de Almagro";"https://cdn.sofifa.org/teams/2/light/1013.png"
"Bursaspor";"Bursaspor";"Bursaspor";"https://cdn.sofifa.org/teams/2/light/742.png"
"Rapid Vienna";"SK Rapid Wien";"SK Rapid Wien";"https://cdn.sofifa.org/teams/2/light/254.png"
"Ludogorets";"Ludogorets";NA;NA
"Osmanlispor";"Osmanlispor";NA;NA
"Ascoli";"Ascoli";"Ascoli";"https://cdn.sofifa.org/teams/2/light/1847.png"
"CA Banfield";"Club Atlético Banfield";"Club Atlético Banfield";"https://cdn.sofifa.org/teams/2/light/110404.png"
"León";"Club León";"Club León";"https://cdn.sofifa.org/teams/2/light/110781.png"
"RC Cesena";"RC Cesena";NA;NA
"Eskisehirspor";"Eskisehirspor";NA;NA
"Ahly";"Ahly";NA;NA
"M. Tel Aviv";"M. Tel Aviv";NA;NA
"Elche CF";"Elche CF";"Elche CF";"https://cdn.sofifa.org/teams/2/light/468.png"
"Paços Ferreira";"Paços Ferreira";NA;NA
"Feirense";"CD Feirense";"CD Feirense";"https://cdn.sofifa.org/teams/2/light/10019.png"
"Atlas";"Club Atlas";"Club Atlas";"https://cdn.sofifa.org/teams/2/light/101114.png"
"1.FC Nuremberg";"1. FC Nürnberg";"1. FC Nürnberg";"https://cdn.sofifa.org/teams/2/light/171.png"
"Austria Vienna";"FK Austria Wien";"FK Austria Wien";"https://cdn.sofifa.org/teams/2/light/256.png"
"Red Star";"Red Star FC";"Red Star FC";"https://cdn.sofifa.org/teams/2/light/111273.png"
"UNAM Pumas";"U.N.A.M";"U.N.A.M.";"https://cdn.sofifa.org/teams/2/light/1881.png"
"Deportivo Cali";"Deportivo Cali";"Deportivo Cali";"https://cdn.sofifa.org/teams/2/light/101102.png"
"Sporting Gijón";"Sporting CP";"Sporting CP";"https://cdn.sofifa.org/teams/2/light/237.png"
"FC Ingolstadt";"FC Ingolstadt 04";"FC Ingolstadt 04";"https://cdn.sofifa.org/teams/2/light/111239.png"
"Peterborough";"Peterborough United";"Peterborough United";"https://cdn.sofifa.org/teams/2/light/1938.png"
"Shabab";"Al Shabab";"Al Shabab";"https://cdn.sofifa.org/teams/2/light/111674.png"
"SH Shenxin";"SH Shenxin";NA;NA
"UC AlbinoLeffe";"UC AlbinoLeffe";NA;NA
"MK Dons";"MK Dons";NA;NA
"Hibernian FC";"Hibernian";"Hibernian";"https://cdn.sofifa.org/teams/2/light/81.png"
"NY Red Bulls";"New York Red Bulls";"New York Red Bulls";"https://cdn.sofifa.org/teams/2/light/689.png"
"CFR Cluj";"CFR Cluj";NA;NA
"Inter U19";"Inter";"Inter";"https://cdn.sofifa.org/teams/2/light/44.png"
"Morelia";"Monarcas Morelia";"Monarcas Morelia";"https://cdn.sofifa.org/teams/2/light/1028.png"
"CD Cruz Azul";"Cruz Azul";"Cruz Azul";"https://cdn.sofifa.org/teams/2/light/1878.png"
"Ternana";"Ternana";NA;NA
"Iraty SC";"Iraty SC";NA;NA
"Arezzo";"Arezzo";NA;NA
"Coventry City";"Coventry City";"Coventry City";"https://cdn.sofifa.org/teams/2/light/1800.png"
"VVV-Venlo";"VVV-Venlo";"VVV-Venlo";"https://cdn.sofifa.org/teams/2/light/100651.png"
"Tombense";"Tombense";NA;NA
"Dnipro";"Dnipro";NA;NA
"RS Berkane";"RS Berkane";NA;NA
"Metalurh D.";"Metalurh D.";NA;NA
"Panathinaikos";"Panathinaikos FC";"Panathinaikos FC";"https://cdn.sofifa.org/teams/2/light/1884.png"
"Nagoya Grampus";"Nagoya Grampus";"Nagoya Grampus";"https://cdn.sofifa.org/teams/2/light/112092.png"
"Real Valladolid";"Real Valladolid CF";"Real Valladolid CF";"https://cdn.sofifa.org/teams/2/light/462.png"
"Arsenal FC";"Arsenal";"Arsenal";"https://cdn.sofifa.org/teams/2/light/1.png"
"Akhisarspor";"Akhisar Belediyespor";"Akhisar Belediyespor";"https://cdn.sofifa.org/teams/2/light/111340.png"
"Toluca";"Deportivo Toluca";"Deportivo Toluca";"https://cdn.sofifa.org/teams/2/light/1882.png"
"DL Yifang";"Dalian YiFang FC";"Dalian YiFang FC";"https://cdn.sofifa.org/teams/2/light/112378.png"
"Coimbra-MG";"Coimbra-MG";NA;NA
"Malmö FF";"Malmö FF";"Malmö FF";"https://cdn.sofifa.org/teams/2/light/320.png"
"Pol. Warsaw";"Pol. Warsaw";NA;NA
"Al Gharafa";"Al Gharafa";NA;NA
"Goiás EC";"Goiás EC";NA;NA
"Hamilton Acad.";"Hamilton Academical FC";"Hamilton Academical FC";"https://cdn.sofifa.org/teams/2/light/184.png"
"Grosseto";"Grosseto";NA;NA
"Junior FC";"Junior FC";"Junior FC";"https://cdn.sofifa.org/teams/2/light/101101.png"
"Coritiba FC";"Coritiba FC";NA;NA
"Treviso";"Treviso";NA;NA
"Tom Tomsk";"Tom Tomsk";NA;NA
"Willem II";"Willem II";"Willem II";"https://cdn.sofifa.org/teams/2/light/1907.png"
"Manisaspor";"Manisaspor";NA;NA
"Troyes";"Tromsø IL";"Tromsø IL";"https://cdn.sofifa.org/teams/2/light/418.png"
"Kalmar FF";"Kalmar FF";"Kalmar FF";"https://cdn.sofifa.org/teams/2/light/1439.png"
"FK Lyn";"FK Lyn";NA;NA
"Valenciennes FC";"Valenciennes FC";"Valenciennes FC";"https://cdn.sofifa.org/teams/2/light/110456.png"
"Rapid Bucharest";"Rapid Bucharest";NA;NA
"Aalesund";"Aalesund";NA;NA
"Novara";"Novara";NA;NA
"Dinamo Bukarest";"Dinamo Bukarest";NA;NA
"Pohang Steelers";"Pohang Steelers";"Pohang Steelers";"https://cdn.sofifa.org/teams/2/light/1474.png"
"Portimonense";"Portimonense SC";"Portimonense SC";"https://cdn.sofifa.org/teams/2/light/10031.png"
"Cittadella";"Cittadella";"Cittadella";"https://cdn.sofifa.org/teams/2/light/111993.png"
"Perugia";"Perugia";"Perugia";"https://cdn.sofifa.org/teams/2/light/199.png"
"Barcelona SC";"Barcelona SC";NA;NA
"Necaxa";"Club Necaxa";"Club Necaxa";"https://cdn.sofifa.org/teams/2/light/101121.png"
"KSC Lokeren";"Sporting Lokeren";"Sporting Lokeren";"https://cdn.sofifa.org/teams/2/light/2007.png"
"Helsingborg";"Helsingborg";NA;NA
"Ferencváros";"Ferencváros";NA;NA
"Lech Poznan";"Lech Poznan";"Lech Poznań";"https://cdn.sofifa.org/teams/2/light/873.png"
"EC Bahia";"Bahia";"Bahia";"https://cdn.sofifa.org/teams/2/light/1598.png"
"VfL Bochum";"VfL Bochum 1848";"VfL Bochum 1848";"https://cdn.sofifa.org/teams/2/light/160.png"
"Piacenza";"Piacenza";NA;NA
"Odense BK";"Odds BK";"Odds BK";"https://cdn.sofifa.org/teams/2/light/1456.png"
"Paraná";"Paraná";"Paraná";"https://cdn.sofifa.org/teams/2/light/111048.png"
"Torpedo Moscow";"Torpedo Moscow";NA;NA
"Colchester Utd.";"Colchester United";"Colchester United";"https://cdn.sofifa.org/teams/2/light/1935.png"
"Slavia Prag";"SK Slavia Praha";"SK Slavia Praha";"https://cdn.sofifa.org/teams/2/light/266.png"
"FK Moskau";"FK Moskau";NA;NA
"Molde FK";"Molde FK";"Molde FK";"https://cdn.sofifa.org/teams/2/light/417.png"
"Belgrano";"Belgrano de Córdoba";"Belgrano de Córdoba";"https://cdn.sofifa.org/teams/2/light/111022.png"
"RNK Split";"RNK Split";NA;NA
"QD Jonoon";"QD Jonoon";NA;NA
"Legia Warszawa";"Legia Warszawa";"Legia Warszawa";"https://cdn.sofifa.org/teams/2/light/1871.png"
"Quilmes";"Quilmes";NA;NA
"Esperance";"Esperance";NA;NA
"Grasshoppers";"Grasshopper Club Zürich";"Grasshopper Club Zürich";"https://cdn.sofifa.org/teams/2/light/322.png"
"Peñarol";"Peñarol";NA;NA
"SC Bastia";"SC Bastia";NA;NA
"Alavés";"Deportivo Alavés";"Deportivo Alavés";"https://cdn.sofifa.org/teams/2/light/463.png"
"IFK Göteborg";"IFK Göteborg";"IFK Göteborg";"https://cdn.sofifa.org/teams/2/light/319.png"
"FK Teplice";"FK Teplice";NA;NA
"Stabaek IF";"Stabæk Fotball";"Stabæk Fotball";"https://cdn.sofifa.org/teams/2/light/917.png"
"Toronto FC";"Toronto FC";"Toronto FC";"https://cdn.sofifa.org/teams/2/light/111651.png"
"Sparta R.";"Sparta R.";NA;NA
"Neuchâtel Xamax";"Neuchâtel Xamax";"Neuchâtel Xamax";"https://cdn.sofifa.org/teams/2/light/435.png"
"CD Godoy Cruz";"Godoy Cruz";"Godoy Cruz";"https://cdn.sofifa.org/teams/2/light/111706.png"
"EC Vitória";"Vitória";"Vitória";"https://cdn.sofifa.org/teams/2/light/1719.png"
"Tigre";"Tigres U.A.N.L.";"Tigres U.A.N.L.";"https://cdn.sofifa.org/teams/2/light/1970.png"
"PAOK Saloniki";"PAOK";"PAOK";"https://cdn.sofifa.org/teams/2/light/393.png"
"Hércules CF";"Elche CF";"Elche CF";"https://cdn.sofifa.org/teams/2/light/468.png"
"1.FC K'lautern";"FC Luzern";"FC Luzern";"https://cdn.sofifa.org/teams/2/light/897.png"
"Genclerbirligi";"Genclerbirligi";NA;NA
"Rentistas";"Rentistas";NA;NA
"Viktoria Plzen";"Viktoria Plzen";"Viktoria Plzeň";"https://cdn.sofifa.org/teams/2/light/110468.png"
"KS Samara";"KS Samara";NA;NA
"Rimini";"Rimini";NA;NA
"AEK Athens";"AEK Athens";"AEK Athens";"https://cdn.sofifa.org/teams/2/light/278.png"
"Vasco U17";"Vasco U17";NA;NA
"Wisla Kraków";"Wisla Kraków";"Wisła Kraków";"https://cdn.sofifa.org/teams/2/light/1873.png"
"Sheff Wed";"Sheffield Wednesday";"Sheffield Wednesday";"https://cdn.sofifa.org/teams/2/light/1807.png"
"Kasimpasa";"Kasimpasa SK";"Kasimpaşa SK";"https://cdn.sofifa.org/teams/2/light/111339.png"
"SK Brann";"SK Brann";"SK Brann";"https://cdn.sofifa.org/teams/2/light/919.png"
"Audax Italiano";"Audax Italiano";"Audax Italiano";"https://cdn.sofifa.org/teams/2/light/101097.png"
"Colón";"Club Atlético Colón";"Club Atlético Colón";"https://cdn.sofifa.org/teams/2/light/110406.png"
"Kashiwa Reysol";"Kashiwa Reysol";"Kashiwa Reysol";"https://cdn.sofifa.org/teams/2/light/101145.png"
"Rosenborg BK";"Rosenborg BK";"Rosenborg BK";"https://cdn.sofifa.org/teams/2/light/298.png"
"Elfsborg";"IF Elfsborg";"IF Elfsborg";"https://cdn.sofifa.org/teams/2/light/700.png"
"FC Bayern II";"FC Bayern München";"FC Bayern München";"https://cdn.sofifa.org/teams/2/light/21.png"
"Metalurh Z.";"Metalurh Z.";NA;NA
"Revolution";"Revolution";NA;NA
"Örgryte";"Örgryte";NA;NA
"Gimnasia";"Gimnasia y Esgrima La Plata";"Gimnasia y Esgrima La Plata";"https://cdn.sofifa.org/teams/2/light/101084.png"
"Arsenal U23";"Arsenal";"Arsenal";"https://cdn.sofifa.org/teams/2/light/1.png"
"Cobreloa";"Cobreloa";NA;NA
"Cerro Porteño";"Cerro Porteño";NA;NA
"JEF Utd. Chiba";"JEF Utd. Chiba";NA;NA
"Sheriff";"Sheriff";NA;NA
"Kashima Antlers";"Kashima Antlers";"Kashima Antlers";"https://cdn.sofifa.org/teams/2/light/101147.png"
"Albacete";"Albacete BP";"Albacete BP";"https://cdn.sofifa.org/teams/2/light/1854.png"
"Valerenga";"Vålerenga Fotball";"Vålerenga Fotball";"https://cdn.sofifa.org/teams/2/light/920.png"
"Modena";"Modena";NA;NA
"KSK Beveren";"Waasland-Beveren";"Waasland-Beveren";"https://cdn.sofifa.org/teams/2/light/110913.png"
"Grodzisk";"Grodzisk";NA;NA
"Marítimo";"Clube Sport Marítimo";"Clube Sport Marítimo";"https://cdn.sofifa.org/teams/2/light/1893.png"
"Arm. Bielefeld";"DSC Arminia Bielefeld";"DSC Arminia Bielefeld";"https://cdn.sofifa.org/teams/2/light/159.png"
"Lok. Plovdiv";"Lok. Plovdiv";NA;NA
"Zbrojovka Brno";"Zbrojovka Brno";NA;NA
"Chicago Fire";"Chicago Fire";"Chicago Fire";"https://cdn.sofifa.org/teams/2/light/693.png"
"Egaleo AO";"Egaleo AO";NA;NA
"Östers IF";"Östersunds FK";"Östersunds FK";"https://cdn.sofifa.org/teams/2/light/113173.png"
"SIPG";"Shanghai SIPG FC";"Shanghai SIPG FC";"https://cdn.sofifa.org/teams/2/light/112540.png"
"TJ Quanjian";"Tianjin Quanjian FC";"Tianjin Quanjian FC";"https://cdn.sofifa.org/teams/2/light/112983.png"
"CC Yatai";"CC Yatai";NA;NA
"HB CFFC";"Hebei China Fortune FC";"Hebei China Fortune FC";"https://cdn.sofifa.org/teams/2/light/112978.png"
"SH Shenhua";"Shanghai Greenland Shenhua FC";"Shanghai Greenland Shenhua FC";"https://cdn.sofifa.org/teams/2/light/110955.png"
"Atlanta United";"Atlanta United";"Atlanta United";"https://cdn.sofifa.org/teams/2/light/112885.png"
"TJ Teda";"Tianjin TEDA FC";"Tianjin TEDA FC";"https://cdn.sofifa.org/teams/2/light/111774.png"
"CQ Dangdai Lif.";"Chongqing Dangdai Lifan FC SWM Team";"Chongqing Dangdai Lifan FC SWM Team";"https://cdn.sofifa.org/teams/2/light/112165.png"
"El-Jaish";"El-Jaish";NA;NA
"SZ FC";"SZ FC";NA;NA
"Ahli";"Al Ahli";"Al Ahli";"https://cdn.sofifa.org/teams/2/light/112387.png"
"Nasr";"Al Nassr";"Al Nassr";"https://cdn.sofifa.org/teams/2/light/112139.png"
"Pyramids FC";"Pyramids FC";NA;NA
"Ittihad";"Al Ittihad";"Al Ittihad";"https://cdn.sofifa.org/teams/2/light/607.png"
"Al-Nasr";"Al Nassr";"Al Nassr";"https://cdn.sofifa.org/teams/2/light/112139.png"
"Sounders FC";"Seattle Sounders FC";"Seattle Sounders FC";"https://cdn.sofifa.org/teams/2/light/111144.png"
"Benfica B";"SL Benfica";"SL Benfica";"https://cdn.sofifa.org/teams/2/light/234.png"
"Los Angeles";"Los Angeles FC";"Los Angeles FC";"https://cdn.sofifa.org/teams/2/light/112996.png"
"Sharjah FC";"Sharjah FC";NA;NA
"Umm Salal";"Umm Salal";NA;NA
"Los Angeles FC";"Los Angeles FC";"Los Angeles FC";"https://cdn.sofifa.org/teams/2/light/112996.png"
"Al Duhail";"Al Duhail";NA;NA
"Real Murcia";"Real Murcia";NA;NA
"Al-Wahda FC";"Al-Wahda FC";NA;NA
"Padova";"Padova";"Padova";"https://cdn.sofifa.org/teams/2/light/110912.png"
"Urawa Reds";"Urawa Red Diamonds";"Urawa Red Diamonds";"https://cdn.sofifa.org/teams/2/light/111575.png"
"Girona FC";"Girona FC";"Girona FC";"https://cdn.sofifa.org/teams/2/light/110062.png"
"Benevento";"Benevento";"Benevento";"https://cdn.sofifa.org/teams/2/light/112026.png"
"SPAL";"SPAL";"SPAL";"https://cdn.sofifa.org/teams/2/light/112791.png"
"Akhmat Grozny";"Akhmat Grozny";NA;NA
"Al-Wasl";"Al-Wasl";NA;NA
"Saturn";"Saturn";NA;NA
"Milan U19";"Milan";"Milan";"https://cdn.sofifa.org/teams/2/light/47.png"
"Al-Shabab";"Al Shabab";"Al Shabab";"https://cdn.sofifa.org/teams/2/light/111674.png"
"Tiburones Rojos";"Tiburones Rojos de Veracruz";"Tiburones Rojos de Veracruz";"https://cdn.sofifa.org/teams/2/light/110145.png"
"Suwon Bluewings";"Suwon Samsung Bluewings";"Suwon Samsung Bluewings";"https://cdn.sofifa.org/teams/2/light/983.png"
"Ulsan";"Ulsan Hyundai FC";"Ulsan Hyundai FC";"https://cdn.sofifa.org/teams/2/light/1473.png"
"Al Ahli";"Al Ahli";"Al Ahli";"https://cdn.sofifa.org/teams/2/light/112387.png"
